ball_x,ball_y,ball_vx,ball_vy,paddle_direction,paddle_y,Ball.RADIUS,Paddle.L,Paddle.STEP,WIDTH,HEIGHT,BORDER,VELOCITY,FPS
770,200,-12,-1,0,200,10,80,20,800,400,20,12,30
770,200,-12,-1,0,220,10,80,20,800,400,20,12,30
758,199,-12,-1,0,240,10,80,20,800,400,20,12,30
746,198,-12,-1,0,260,10,80,20,800,400,20,12,30
734,197,-12,-1,0,280,10,80,20,800,400,20,12,30
722,196,-12,-1,0,300,10,80,20,800,400,20,12,30
710,195,-12,-1,0,320,10,80,20,800,400,20,12,30
698,194,-12,-1,0,340,10,80,20,800,400,20,12,30
686,193,-12,-1,0,340,10,80,20,800,400,20,12,30
674,192,-12,-1,0,340,10,80,20,800,400,20,12,30
662,191,-12,-1,0,340,10,80,20,800,400,20,12,30
650,190,-12,-1,0,340,10,80,20,800,400,20,12,30
638,189,-12,-1,0,340,10,80,20,800,400,20,12,30
626,188,-12,-1,0,340,10,80,20,800,400,20,12,30
614,187,-12,-1,0,340,10,80,20,800,400,20,12,30
602,186,-12,-1,0,340,10,80,20,800,400,20,12,30
590,185,-12,-1,0,340,10,80,20,800,400,20,12,30
578,184,-12,-1,0,340,10,80,20,800,400,20,12,30
566,183,-12,-1,0,340,10,80,20,800,400,20,12,30
554,182,-12,-1,0,340,10,80,20,800,400,20,12,30
542,181,-12,-1,0,340,10,80,20,800,400,20,12,30
530,180,-12,-1,0,340,10,80,20,800,400,20,12,30
518,179,-12,-1,0,340,10,80,20,800,400,20,12,30
506,178,-12,-1,0,340,10,80,20,800,400,20,12,30
494,177,-12,-1,0,340,10,80,20,800,400,20,12,30
482,176,-12,-1,0,340,10,80,20,800,400,20,12,30
470,175,-12,-1,0,340,10,80,20,800,400,20,12,30
458,174,-12,-1,0,340,10,80,20,800,400,20,12,30
446,173,-12,-1,0,340,10,80,20,800,400,20,12,30
434,172,-12,-1,0,340,10,80,20,800,400,20,12,30
422,171,-12,-1,0,340,10,80,20,800,400,20,12,30
410,170,-12,-1,0,340,10,80,20,800,400,20,12,30
398,169,-12,-1,0,340,10,80,20,800,400,20,12,30
386,168,-12,-1,0,340,10,80,20,800,400,20,12,30
374,167,-12,-1,0,340,10,80,20,800,400,20,12,30
362,166,-12,-1,0,340,10,80,20,800,400,20,12,30
350,165,-12,-1,0,340,10,80,20,800,400,20,12,30
338,164,-12,-1,0,340,10,80,20,800,400,20,12,30
326,163,-12,-1,0,340,10,80,20,800,400,20,12,30
314,162,-12,-1,0,340,10,80,20,800,400,20,12,30
302,161,-12,-1,0,340,10,80,20,800,400,20,12,30
290,160,-12,-1,0,340,10,80,20,800,400,20,12,30
278,159,-12,-1,0,340,10,80,20,800,400,20,12,30
266,158,-12,-1,0,340,10,80,20,800,400,20,12,30
254,157,-12,-1,0,340,10,80,20,800,400,20,12,30
242,156,-12,-1,0,340,10,80,20,800,400,20,12,30
230,155,-12,-1,0,340,10,80,20,800,400,20,12,30
218,154,-12,-1,0,340,10,80,20,800,400,20,12,30
206,153,-12,-1,0,340,10,80,20,800,400,20,12,30
194,152,-12,-1,0,340,10,80,20,800,400,20,12,30
182,151,-12,-1,0,340,10,80,20,800,400,20,12,30
170,150,-12,-1,0,340,10,80,20,800,400,20,12,30
158,149,-12,-1,0,340,10,80,20,800,400,20,12,30
146,148,-12,-1,0,340,10,80,20,800,400,20,12,30
134,147,-12,-1,0,340,10,80,20,800,400,20,12,30
122,146,-12,-1,0,340,10,80,20,800,400,20,12,30
110,145,-12,-1,0,340,10,80,20,800,400,20,12,30
98,144,-12,-1,0,340,10,80,20,800,400,20,12,30
86,143,-12,-1,0,340,10,80,20,800,400,20,12,30
74,142,-12,-1,0,340,10,80,20,800,400,20,12,30
62,141,-12,-1,0,340,10,80,20,800,400,20,12,30
50,140,-12,-1,0,340,10,80,20,800,400,20,12,30
38,139,-12,-1,0,340,10,80,20,800,400,20,12,30
50,138,12,-1,0,340,10,80,20,800,400,20,12,30
62,137,12,-1,0,340,10,80,20,800,400,20,12,30
74,136,12,-1,0,340,10,80,20,800,400,20,12,30
86,135,12,-1,0,340,10,80,20,800,400,20,12,30
98,134,12,-1,0,340,10,80,20,800,400,20,12,30
110,133,12,-1,0,340,10,80,20,800,400,20,12,30
122,132,12,-1,0,340,10,80,20,800,400,20,12,30
134,131,12,-1,0,340,10,80,20,800,400,20,12,30
146,130,12,-1,0,340,10,80,20,800,400,20,12,30
158,129,12,-1,0,340,10,80,20,800,400,20,12,30
170,128,12,-1,0,340,10,80,20,800,400,20,12,30
182,127,12,-1,0,340,10,80,20,800,400,20,12,30
194,126,12,-1,0,340,10,80,20,800,400,20,12,30
206,125,12,-1,0,340,10,80,20,800,400,20,12,30
218,124,12,-1,0,340,10,80,20,800,400,20,12,30
230,123,12,-1,0,340,10,80,20,800,400,20,12,30
242,122,12,-1,0,340,10,80,20,800,400,20,12,30
254,121,12,-1,0,340,10,80,20,800,400,20,12,30
266,120,12,-1,0,340,10,80,20,800,400,20,12,30
278,119,12,-1,0,340,10,80,20,800,400,20,12,30
290,118,12,-1,0,340,10,80,20,800,400,20,12,30
302,117,12,-1,0,340,10,80,20,800,400,20,12,30
314,116,12,-1,0,340,10,80,20,800,400,20,12,30
326,115,12,-1,0,340,10,80,20,800,400,20,12,30
338,114,12,-1,0,340,10,80,20,800,400,20,12,30
350,113,12,-1,0,340,10,80,20,800,400,20,12,30
362,112,12,-1,0,340,10,80,20,800,400,20,12,30
374,111,12,-1,0,340,10,80,20,800,400,20,12,30
386,110,12,-1,0,340,10,80,20,800,400,20,12,30
398,109,12,-1,0,340,10,80,20,800,400,20,12,30
410,108,12,-1,0,340,10,80,20,800,400,20,12,30
422,107,12,-1,0,340,10,80,20,800,400,20,12,30
434,106,12,-1,0,340,10,80,20,800,400,20,12,30
446,105,12,-1,0,340,10,80,20,800,400,20,12,30
458,104,12,-1,0,340,10,80,20,800,400,20,12,30
470,103,12,-1,0,340,10,80,20,800,400,20,12,30
482,102,12,-1,0,340,10,80,20,800,400,20,12,30
494,101,12,-1,0,340,10,80,20,800,400,20,12,30
506,100,12,-1,0,340,10,80,20,800,400,20,12,30
518,99,12,-1,0,340,10,80,20,800,400,20,12,30
530,98,12,-1,0,340,10,80,20,800,400,20,12,30
542,97,12,-1,0,340,10,80,20,800,400,20,12,30
554,96,12,-1,0,340,10,80,20,800,400,20,12,30
566,95,12,-1,0,340,10,80,20,800,400,20,12,30
578,94,12,-1,0,340,10,80,20,800,400,20,12,30
590,93,12,-1,0,340,10,80,20,800,400,20,12,30
602,92,12,-1,0,340,10,80,20,800,400,20,12,30
614,91,12,-1,0,340,10,80,20,800,400,20,12,30
626,90,12,-1,0,340,10,80,20,800,400,20,12,30
638,89,12,-1,0,340,10,80,20,800,400,20,12,30
650,88,12,-1,0,340,10,80,20,800,400,20,12,30
662,87,12,-1,0,340,10,80,20,800,400,20,12,30
674,86,12,-1,0,340,10,80,20,800,400,20,12,30
686,85,12,-1,0,340,10,80,20,800,400,20,12,30
698,84,12,-1,0,340,10,80,20,800,400,20,12,30
710,83,12,-1,0,340,10,80,20,800,400,20,12,30
722,82,12,-1,0,340,10,80,20,800,400,20,12,30
734,81,12,-1,0,340,10,80,20,800,400,20,12,30
746,80,12,-1,0,340,10,80,20,800,400,20,12,30
758,79,12,-1,0,340,10,80,20,800,400,20,12,30
770,78,12,-1,0,340,10,80,20,800,400,20,12,30
782,77,12,-1,0,340,10,80,20,800,400,20,12,30
758,212,-12,12,0,220,10,80,20,800,400,20,12,30
746,224,-12,12,0,240,10,80,20,800,400,20,12,30
734,236,-12,12,0,260,10,80,20,800,400,20,12,30
722,248,-12,12,0,280,10,80,20,800,400,20,12,30
710,260,-12,12,0,300,10,80,20,800,400,20,12,30
698,272,-12,12,0,320,10,80,20,800,400,20,12,30
686,284,-12,12,0,340,10,80,20,800,400,20,12,30
674,296,-12,12,0,340,10,80,20,800,400,20,12,30
662,308,-12,12,0,340,10,80,20,800,400,20,12,30
650,320,-12,12,0,340,10,80,20,800,400,20,12,30
638,332,-12,12,0,340,10,80,20,800,400,20,12,30
626,344,-12,12,0,340,10,80,20,800,400,20,12,30
614,356,-12,12,0,340,10,80,20,800,400,20,12,30
602,368,-12,12,0,340,10,80,20,800,400,20,12,30
590,356,-12,-12,0,340,10,80,20,800,400,20,12,30
578,344,-12,-12,0,340,10,80,20,800,400,20,12,30
566,332,-12,-12,0,340,10,80,20,800,400,20,12,30
554,320,-12,-12,0,340,10,80,20,800,400,20,12,30
542,308,-12,-12,0,340,10,80,20,800,400,20,12,30
530,296,-12,-12,0,340,10,80,20,800,400,20,12,30
518,284,-12,-12,0,340,10,80,20,800,400,20,12,30
506,272,-12,-12,0,340,10,80,20,800,400,20,12,30
494,260,-12,-12,0,340,10,80,20,800,400,20,12,30
482,248,-12,-12,0,340,10,80,20,800,400,20,12,30
470,236,-12,-12,0,340,10,80,20,800,400,20,12,30
458,224,-12,-12,0,340,10,80,20,800,400,20,12,30
446,212,-12,-12,0,340,10,80,20,800,400,20,12,30
434,200,-12,-12,0,340,10,80,20,800,400,20,12,30
422,188,-12,-12,0,340,10,80,20,800,400,20,12,30
410,176,-12,-12,0,340,10,80,20,800,400,20,12,30
398,164,-12,-12,0,340,10,80,20,800,400,20,12,30
386,152,-12,-12,0,340,10,80,20,800,400,20,12,30
374,140,-12,-12,0,340,10,80,20,800,400,20,12,30
362,128,-12,-12,0,340,10,80,20,800,400,20,12,30
350,116,-12,-12,0,340,10,80,20,800,400,20,12,30
338,104,-12,-12,0,340,10,80,20,800,400,20,12,30
326,92,-12,-12,0,340,10,80,20,800,400,20,12,30
314,80,-12,-12,0,340,10,80,20,800,400,20,12,30
302,68,-12,-12,0,340,10,80,20,800,400,20,12,30
290,56,-12,-12,0,340,10,80,20,800,400,20,12,30
278,44,-12,-12,0,340,10,80,20,800,400,20,12,30
266,32,-12,-12,0,340,10,80,20,800,400,20,12,30
254,44,-12,12,0,340,10,80,20,800,400,20,12,30
242,56,-12,12,0,340,10,80,20,800,400,20,12,30
230,68,-12,12,0,340,10,80,20,800,400,20,12,30
218,80,-12,12,0,340,10,80,20,800,400,20,12,30
206,92,-12,12,0,340,10,80,20,800,400,20,12,30
194,104,-12,12,0,340,10,80,20,800,400,20,12,30
182,116,-12,12,0,340,10,80,20,800,400,20,12,30
170,128,-12,12,0,340,10,80,20,800,400,20,12,30
158,140,-12,12,0,340,10,80,20,800,400,20,12,30
146,152,-12,12,0,340,10,80,20,800,400,20,12,30
134,164,-12,12,0,340,10,80,20,800,400,20,12,30
122,176,-12,12,0,340,10,80,20,800,400,20,12,30
110,188,-12,12,0,340,10,80,20,800,400,20,12,30
98,200,-12,12,0,340,10,80,20,800,400,20,12,30
86,212,-12,12,0,340,10,80,20,800,400,20,12,30
74,224,-12,12,0,340,10,80,20,800,400,20,12,30
62,236,-12,12,0,340,10,80,20,800,400,20,12,30
50,248,-12,12,0,340,10,80,20,800,400,20,12,30
38,260,-12,12,0,340,10,80,20,800,400,20,12,30
50,272,12,12,0,340,10,80,20,800,400,20,12,30
62,284,12,12,0,340,10,80,20,800,400,20,12,30
74,296,12,12,0,340,10,80,20,800,400,20,12,30
86,308,12,12,0,340,10,80,20,800,400,20,12,30
98,320,12,12,0,340,10,80,20,800,400,20,12,30
110,332,12,12,0,340,10,80,20,800,400,20,12,30
122,344,12,12,0,340,10,80,20,800,400,20,12,30
134,356,12,12,0,340,10,80,20,800,400,20,12,30
146,368,12,12,0,340,10,80,20,800,400,20,12,30
158,356,12,-12,0,340,10,80,20,800,400,20,12,30
170,344,12,-12,0,340,10,80,20,800,400,20,12,30
182,332,12,-12,0,340,10,80,20,800,400,20,12,30
194,320,12,-12,0,340,10,80,20,800,400,20,12,30
206,308,12,-12,0,340,10,80,20,800,400,20,12,30
218,296,12,-12,0,340,10,80,20,800,400,20,12,30
230,284,12,-12,0,340,10,80,20,800,400,20,12,30
242,272,12,-12,0,340,10,80,20,800,400,20,12,30
254,260,12,-12,0,340,10,80,20,800,400,20,12,30
266,248,12,-12,0,340,10,80,20,800,400,20,12,30
278,236,12,-12,0,340,10,80,20,800,400,20,12,30
290,224,12,-12,0,340,10,80,20,800,400,20,12,30
302,212,12,-12,0,340,10,80,20,800,400,20,12,30
314,200,12,-12,0,340,10,80,20,800,400,20,12,30
326,188,12,-12,0,340,10,80,20,800,400,20,12,30
338,176,12,-12,0,340,10,80,20,800,400,20,12,30
350,164,12,-12,0,340,10,80,20,800,400,20,12,30
362,152,12,-12,0,340,10,80,20,800,400,20,12,30
374,140,12,-12,0,340,10,80,20,800,400,20,12,30
386,128,12,-12,0,340,10,80,20,800,400,20,12,30
398,116,12,-12,0,340,10,80,20,800,400,20,12,30
410,104,12,-12,0,340,10,80,20,800,400,20,12,30
422,92,12,-12,0,340,10,80,20,800,400,20,12,30
434,80,12,-12,0,340,10,80,20,800,400,20,12,30
446,68,12,-12,0,340,10,80,20,800,400,20,12,30
458,56,12,-12,0,340,10,80,20,800,400,20,12,30
470,44,12,-12,0,340,10,80,20,800,400,20,12,30
482,32,12,-12,0,340,10,80,20,800,400,20,12,30
494,44,12,12,0,340,10,80,20,800,400,20,12,30
506,56,12,12,0,340,10,80,20,800,400,20,12,30
518,68,12,12,0,340,10,80,20,800,400,20,12,30
530,80,12,12,0,340,10,80,20,800,400,20,12,30
542,92,12,12,0,340,10,80,20,800,400,20,12,30
554,104,12,12,0,340,10,80,20,800,400,20,12,30
566,116,12,12,0,340,10,80,20,800,400,20,12,30
578,128,12,12,0,340,10,80,20,800,400,20,12,30
590,140,12,12,0,340,10,80,20,800,400,20,12,30
602,152,12,12,0,340,10,80,20,800,400,20,12,30
614,164,12,12,0,340,10,80,20,800,400,20,12,30
626,176,12,12,0,340,10,80,20,800,400,20,12,30
638,188,12,12,0,340,10,80,20,800,400,20,12,30
650,200,12,12,0,340,10,80,20,800,400,20,12,30
662,212,12,12,0,340,10,80,20,800,400,20,12,30
674,224,12,12,0,340,10,80,20,800,400,20,12,30
686,236,12,12,0,340,10,80,20,800,400,20,12,30
698,248,12,12,0,340,10,80,20,800,400,20,12,30
710,260,12,12,0,340,10,80,20,800,400,20,12,30
722,272,12,12,0,340,10,80,20,800,400,20,12,30
734,284,12,12,0,340,10,80,20,800,400,20,12,30
746,296,12,12,0,340,10,80,20,800,400,20,12,30
758,308,12,12,0,340,10,80,20,800,400,20,12,30
770,320,12,12,0,340,10,80,20,800,400,20,12,30
758,332,-12,12,0,340,10,80,20,800,400,20,12,30
746,344,-12,12,0,340,10,80,20,800,400,20,12,30
734,356,-12,12,0,340,10,80,20,800,400,20,12,30
722,368,-12,12,0,340,10,80,20,800,400,20,12,30
710,356,-12,-12,0,340,10,80,20,800,400,20,12,30
698,344,-12,-12,0,340,10,80,20,800,400,20,12,30
686,332,-12,-12,0,340,10,80,20,800,400,20,12,30
674,320,-12,-12,0,340,10,80,20,800,400,20,12,30
662,308,-12,-12,0,340,10,80,20,800,400,20,12,30
650,296,-12,-12,0,340,10,80,20,800,400,20,12,30
638,284,-12,-12,0,340,10,80,20,800,400,20,12,30
626,272,-12,-12,0,340,10,80,20,800,400,20,12,30
614,260,-12,-12,0,340,10,80,20,800,400,20,12,30
602,248,-12,-12,0,340,10,80,20,800,400,20,12,30
590,236,-12,-12,0,340,10,80,20,800,400,20,12,30
578,224,-12,-12,0,340,10,80,20,800,400,20,12,30
566,212,-12,-12,0,340,10,80,20,800,400,20,12,30
554,200,-12,-12,0,340,10,80,20,800,400,20,12,30
542,188,-12,-12,0,340,10,80,20,800,400,20,12,30
530,176,-12,-12,0,340,10,80,20,800,400,20,12,30
518,164,-12,-12,0,340,10,80,20,800,400,20,12,30
506,152,-12,-12,0,340,10,80,20,800,400,20,12,30
494,140,-12,-12,0,340,10,80,20,800,400,20,12,30
482,128,-12,-12,0,340,10,80,20,800,400,20,12,30
470,116,-12,-12,0,340,10,80,20,800,400,20,12,30
458,104,-12,-12,0,340,10,80,20,800,400,20,12,30
446,92,-12,-12,0,340,10,80,20,800,400,20,12,30
434,80,-12,-12,0,340,10,80,20,800,400,20,12,30
422,68,-12,-12,0,340,10,80,20,800,400,20,12,30
410,56,-12,-12,0,340,10,80,20,800,400,20,12,30
398,44,-12,-12,0,340,10,80,20,800,400,20,12,30
386,32,-12,-12,0,340,10,80,20,800,400,20,12,30
374,44,-12,12,0,340,10,80,20,800,400,20,12,30
362,56,-12,12,0,340,10,80,20,800,400,20,12,30
350,68,-12,12,0,340,10,80,20,800,400,20,12,30
338,80,-12,12,0,340,10,80,20,800,400,20,12,30
326,92,-12,12,0,340,10,80,20,800,400,20,12,30
314,104,-12,12,0,340,10,80,20,800,400,20,12,30
302,116,-12,12,0,340,10,80,20,800,400,20,12,30
290,128,-12,12,0,340,10,80,20,800,400,20,12,30
278,140,-12,12,0,340,10,80,20,800,400,20,12,30
266,152,-12,12,0,340,10,80,20,800,400,20,12,30
254,164,-12,12,0,340,10,80,20,800,400,20,12,30
242,176,-12,12,0,340,10,80,20,800,400,20,12,30
230,188,-12,12,0,340,10,80,20,800,400,20,12,30
218,200,-12,12,0,340,10,80,20,800,400,20,12,30
206,212,-12,12,0,340,10,80,20,800,400,20,12,30
194,224,-12,12,0,340,10,80,20,800,400,20,12,30
182,236,-12,12,0,340,10,80,20,800,400,20,12,30
170,248,-12,12,0,340,10,80,20,800,400,20,12,30
158,260,-12,12,0,340,10,80,20,800,400,20,12,30
146,272,-12,12,0,340,10,80,20,800,400,20,12,30
134,284,-12,12,0,340,10,80,20,800,400,20,12,30
122,296,-12,12,0,340,10,80,20,800,400,20,12,30
110,308,-12,12,0,340,10,80,20,800,400,20,12,30
98,320,-12,12,0,340,10,80,20,800,400,20,12,30
86,332,-12,12,0,340,10,80,20,800,400,20,12,30
74,344,-12,12,0,340,10,80,20,800,400,20,12,30
62,356,-12,12,0,340,10,80,20,800,400,20,12,30
50,368,-12,12,0,340,10,80,20,800,400,20,12,30
38,356,-12,-12,0,340,10,80,20,800,400,20,12,30
50,344,12,-12,0,340,10,80,20,800,400,20,12,30
62,332,12,-12,0,340,10,80,20,800,400,20,12,30
74,320,12,-12,0,340,10,80,20,800,400,20,12,30
86,308,12,-12,0,340,10,80,20,800,400,20,12,30
98,296,12,-12,0,340,10,80,20,800,400,20,12,30
110,284,12,-12,0,340,10,80,20,800,400,20,12,30
122,272,12,-12,0,340,10,80,20,800,400,20,12,30
134,260,12,-12,0,340,10,80,20,800,400,20,12,30
146,248,12,-12,0,340,10,80,20,800,400,20,12,30
158,236,12,-12,0,340,10,80,20,800,400,20,12,30
170,224,12,-12,0,340,10,80,20,800,400,20,12,30
182,212,12,-12,0,340,10,80,20,800,400,20,12,30
194,200,12,-12,0,340,10,80,20,800,400,20,12,30
206,188,12,-12,0,340,10,80,20,800,400,20,12,30
218,176,12,-12,0,340,10,80,20,800,400,20,12,30
230,164,12,-12,0,340,10,80,20,800,400,20,12,30
242,152,12,-12,0,340,10,80,20,800,400,20,12,30
254,140,12,-12,0,340,10,80,20,800,400,20,12,30
266,128,12,-12,0,340,10,80,20,800,400,20,12,30
278,116,12,-12,0,340,10,80,20,800,400,20,12,30
290,104,12,-12,0,340,10,80,20,800,400,20,12,30
302,92,12,-12,0,340,10,80,20,800,400,20,12,30
314,80,12,-12,0,340,10,80,20,800,400,20,12,30
326,68,12,-12,0,340,10,80,20,800,400,20,12,30
338,56,12,-12,0,340,10,80,20,800,400,20,12,30
350,44,12,-12,0,340,10,80,20,800,400,20,12,30
362,32,12,-12,0,340,10,80,20,800,400,20,12,30
374,44,12,12,0,340,10,80,20,800,400,20,12,30
386,56,12,12,0,340,10,80,20,800,400,20,12,30
398,68,12,12,0,340,10,80,20,800,400,20,12,30
410,80,12,12,0,340,10,80,20,800,400,20,12,30
422,92,12,12,0,340,10,80,20,800,400,20,12,30
434,104,12,12,0,340,10,80,20,800,400,20,12,30
446,116,12,12,0,340,10,80,20,800,400,20,12,30
458,128,12,12,0,340,10,80,20,800,400,20,12,30
470,140,12,12,0,340,10,80,20,800,400,20,12,30
482,152,12,12,0,340,10,80,20,800,400,20,12,30
494,164,12,12,0,340,10,80,20,800,400,20,12,30
506,176,12,12,0,340,10,80,20,800,400,20,12,30
518,188,12,12,0,340,10,80,20,800,400,20,12,30
530,200,12,12,0,340,10,80,20,800,400,20,12,30
542,212,12,12,0,340,10,80,20,800,400,20,12,30
554,224,12,12,0,340,10,80,20,800,400,20,12,30
566,236,12,12,0,340,10,80,20,800,400,20,12,30
578,248,12,12,0,340,10,80,20,800,400,20,12,30
590,260,12,12,0,340,10,80,20,800,400,20,12,30
602,272,12,12,0,340,10,80,20,800,400,20,12,30
614,284,12,12,0,340,10,80,20,800,400,20,12,30
626,296,12,12,0,340,10,80,20,800,400,20,12,30
638,308,12,12,0,340,10,80,20,800,400,20,12,30
650,320,12,12,0,340,10,80,20,800,400,20,12,30
662,332,12,12,0,340,10,80,20,800,400,20,12,30
674,344,12,12,0,340,10,80,20,800,400,20,12,30
686,356,12,12,0,340,10,80,20,800,400,20,12,30
698,368,12,12,0,340,10,80,20,800,400,20,12,30
710,356,12,-12,0,340,10,80,20,800,400,20,12,30
722,344,12,-12,0,340,10,80,20,800,400,20,12,30
734,332,12,-12,0,340,10,80,20,800,400,20,12,30
746,320,12,-12,0,340,10,80,20,800,400,20,12,30
758,308,12,-12,0,340,10,80,20,800,400,20,12,30
770,296,12,-12,0,340,10,80,20,800,400,20,12,30
782,284,12,-12,0,340,10,80,20,800,400,20,12,30
758,202,-12,2,0,220,10,80,20,800,400,20,12,30
746,204,-12,2,0,240,10,80,20,800,400,20,12,30
734,206,-12,2,0,260,10,80,20,800,400,20,12,30
722,208,-12,2,0,280,10,80,20,800,400,20,12,30
710,210,-12,2,0,300,10,80,20,800,400,20,12,30
698,212,-12,2,0,320,10,80,20,800,400,20,12,30
686,214,-12,2,0,340,10,80,20,800,400,20,12,30
674,216,-12,2,0,340,10,80,20,800,400,20,12,30
662,218,-12,2,0,340,10,80,20,800,400,20,12,30
650,220,-12,2,0,340,10,80,20,800,400,20,12,30
638,222,-12,2,0,340,10,80,20,800,400,20,12,30
626,224,-12,2,0,340,10,80,20,800,400,20,12,30
614,226,-12,2,0,340,10,80,20,800,400,20,12,30
602,228,-12,2,0,340,10,80,20,800,400,20,12,30
590,230,-12,2,0,340,10,80,20,800,400,20,12,30
578,232,-12,2,0,340,10,80,20,800,400,20,12,30
566,234,-12,2,0,340,10,80,20,800,400,20,12,30
554,236,-12,2,0,340,10,80,20,800,400,20,12,30
542,238,-12,2,0,340,10,80,20,800,400,20,12,30
530,240,-12,2,0,340,10,80,20,800,400,20,12,30
518,242,-12,2,0,340,10,80,20,800,400,20,12,30
506,244,-12,2,0,340,10,80,20,800,400,20,12,30
494,246,-12,2,0,340,10,80,20,800,400,20,12,30
482,248,-12,2,0,340,10,80,20,800,400,20,12,30
470,250,-12,2,0,340,10,80,20,800,400,20,12,30
458,252,-12,2,0,340,10,80,20,800,400,20,12,30
446,254,-12,2,0,340,10,80,20,800,400,20,12,30
434,256,-12,2,0,340,10,80,20,800,400,20,12,30
422,258,-12,2,0,340,10,80,20,800,400,20,12,30
410,260,-12,2,0,340,10,80,20,800,400,20,12,30
398,262,-12,2,0,340,10,80,20,800,400,20,12,30
386,264,-12,2,0,340,10,80,20,800,400,20,12,30
374,266,-12,2,0,340,10,80,20,800,400,20,12,30
362,268,-12,2,0,340,10,80,20,800,400,20,12,30
350,270,-12,2,0,340,10,80,20,800,400,20,12,30
338,272,-12,2,0,340,10,80,20,800,400,20,12,30
326,274,-12,2,0,340,10,80,20,800,400,20,12,30
314,276,-12,2,0,340,10,80,20,800,400,20,12,30
302,278,-12,2,0,340,10,80,20,800,400,20,12,30
290,280,-12,2,0,340,10,80,20,800,400,20,12,30
278,282,-12,2,0,340,10,80,20,800,400,20,12,30
266,284,-12,2,0,340,10,80,20,800,400,20,12,30
254,286,-12,2,0,340,10,80,20,800,400,20,12,30
242,288,-12,2,0,340,10,80,20,800,400,20,12,30
230,290,-12,2,0,340,10,80,20,800,400,20,12,30
218,292,-12,2,0,340,10,80,20,800,400,20,12,30
206,294,-12,2,0,340,10,80,20,800,400,20,12,30
194,296,-12,2,0,340,10,80,20,800,400,20,12,30
182,298,-12,2,0,340,10,80,20,800,400,20,12,30
170,300,-12,2,0,340,10,80,20,800,400,20,12,30
158,302,-12,2,0,340,10,80,20,800,400,20,12,30
146,304,-12,2,0,340,10,80,20,800,400,20,12,30
134,306,-12,2,0,340,10,80,20,800,400,20,12,30
122,308,-12,2,0,340,10,80,20,800,400,20,12,30
110,310,-12,2,0,340,10,80,20,800,400,20,12,30
98,312,-12,2,0,340,10,80,20,800,400,20,12,30
86,314,-12,2,0,340,10,80,20,800,400,20,12,30
74,316,-12,2,0,340,10,80,20,800,400,20,12,30
62,318,-12,2,0,340,10,80,20,800,400,20,12,30
50,320,-12,2,0,340,10,80,20,800,400,20,12,30
38,322,-12,2,0,340,10,80,20,800,400,20,12,30
50,324,12,2,0,340,10,80,20,800,400,20,12,30
62,326,12,2,0,340,10,80,20,800,400,20,12,30
74,328,12,2,0,340,10,80,20,800,400,20,12,30
86,330,12,2,0,340,10,80,20,800,400,20,12,30
98,332,12,2,0,340,10,80,20,800,400,20,12,30
110,334,12,2,0,340,10,80,20,800,400,20,12,30
122,336,12,2,0,340,10,80,20,800,400,20,12,30
134,338,12,2,0,340,10,80,20,800,400,20,12,30
146,340,12,2,0,340,10,80,20,800,400,20,12,30
158,342,12,2,0,340,10,80,20,800,400,20,12,30
170,344,12,2,0,340,10,80,20,800,400,20,12,30
182,346,12,2,0,340,10,80,20,800,400,20,12,30
194,348,12,2,0,340,10,80,20,800,400,20,12,30
206,350,12,2,0,340,10,80,20,800,400,20,12,30
218,352,12,2,0,340,10,80,20,800,400,20,12,30
230,354,12,2,0,340,10,80,20,800,400,20,12,30
242,356,12,2,0,340,10,80,20,800,400,20,12,30
254,358,12,2,0,340,10,80,20,800,400,20,12,30
266,360,12,2,0,340,10,80,20,800,400,20,12,30
278,362,12,2,0,340,10,80,20,800,400,20,12,30
290,364,12,2,0,340,10,80,20,800,400,20,12,30
302,366,12,2,0,340,10,80,20,800,400,20,12,30
314,368,12,2,0,340,10,80,20,800,400,20,12,30
326,370,12,2,0,340,10,80,20,800,400,20,12,30
338,368,12,-2,0,340,10,80,20,800,400,20,12,30
350,366,12,-2,0,340,10,80,20,800,400,20,12,30
362,364,12,-2,0,340,10,80,20,800,400,20,12,30
374,362,12,-2,0,340,10,80,20,800,400,20,12,30
386,360,12,-2,0,340,10,80,20,800,400,20,12,30
398,358,12,-2,0,340,10,80,20,800,400,20,12,30
410,356,12,-2,0,340,10,80,20,800,400,20,12,30
422,354,12,-2,0,340,10,80,20,800,400,20,12,30
434,352,12,-2,0,340,10,80,20,800,400,20,12,30
446,350,12,-2,0,340,10,80,20,800,400,20,12,30
458,348,12,-2,0,340,10,80,20,800,400,20,12,30
470,346,12,-2,0,340,10,80,20,800,400,20,12,30
482,344,12,-2,0,340,10,80,20,800,400,20,12,30
494,342,12,-2,0,340,10,80,20,800,400,20,12,30
506,340,12,-2,0,340,10,80,20,800,400,20,12,30
518,338,12,-2,0,340,10,80,20,800,400,20,12,30
530,336,12,-2,0,340,10,80,20,800,400,20,12,30
542,334,12,-2,0,340,10,80,20,800,400,20,12,30
554,332,12,-2,0,340,10,80,20,800,400,20,12,30
566,330,12,-2,0,340,10,80,20,800,400,20,12,30
578,328,12,-2,0,340,10,80,20,800,400,20,12,30
590,326,12,-2,0,340,10,80,20,800,400,20,12,30
602,324,12,-2,0,340,10,80,20,800,400,20,12,30
614,322,12,-2,0,340,10,80,20,800,400,20,12,30
626,320,12,-2,0,340,10,80,20,800,400,20,12,30
638,318,12,-2,0,340,10,80,20,800,400,20,12,30
650,316,12,-2,0,340,10,80,20,800,400,20,12,30
662,314,12,-2,0,340,10,80,20,800,400,20,12,30
674,312,12,-2,0,340,10,80,20,800,400,20,12,30
686,310,12,-2,0,340,10,80,20,800,400,20,12,30
698,308,12,-2,0,340,10,80,20,800,400,20,12,30
710,306,12,-2,0,340,10,80,20,800,400,20,12,30
722,304,12,-2,0,340,10,80,20,800,400,20,12,30
734,302,12,-2,0,340,10,80,20,800,400,20,12,30
746,300,12,-2,0,340,10,80,20,800,400,20,12,30
758,298,12,-2,0,340,10,80,20,800,400,20,12,30
770,296,12,-2,0,340,10,80,20,800,400,20,12,30
782,294,12,-2,0,340,10,80,20,800,400,20,12,30
758,189,-12,-11,0,220,10,80,20,800,400,20,12,30
746,178,-12,-11,0,240,10,80,20,800,400,20,12,30
734,167,-12,-11,0,260,10,80,20,800,400,20,12,30
722,156,-12,-11,0,280,10,80,20,800,400,20,12,30
710,145,-12,-11,0,300,10,80,20,800,400,20,12,30
698,134,-12,-11,0,320,10,80,20,800,400,20,12,30
686,123,-12,-11,0,340,10,80,20,800,400,20,12,30
674,112,-12,-11,0,340,10,80,20,800,400,20,12,30
662,101,-12,-11,0,340,10,80,20,800,400,20,12,30
650,90,-12,-11,0,340,10,80,20,800,400,20,12,30
638,79,-12,-11,0,340,10,80,20,800,400,20,12,30
626,68,-12,-11,0,340,10,80,20,800,400,20,12,30
614,57,-12,-11,0,340,10,80,20,800,400,20,12,30
602,46,-12,-11,0,340,10,80,20,800,400,20,12,30
590,35,-12,-11,0,340,10,80,20,800,400,20,12,30
578,46,-12,11,0,340,10,80,20,800,400,20,12,30
566,57,-12,11,0,340,10,80,20,800,400,20,12,30
554,68,-12,11,0,340,10,80,20,800,400,20,12,30
542,79,-12,11,0,340,10,80,20,800,400,20,12,30
530,90,-12,11,0,340,10,80,20,800,400,20,12,30
518,101,-12,11,0,340,10,80,20,800,400,20,12,30
506,112,-12,11,0,340,10,80,20,800,400,20,12,30
494,123,-12,11,0,340,10,80,20,800,400,20,12,30
482,134,-12,11,0,340,10,80,20,800,400,20,12,30
470,145,-12,11,0,340,10,80,20,800,400,20,12,30
458,156,-12,11,0,340,10,80,20,800,400,20,12,30
446,167,-12,11,0,340,10,80,20,800,400,20,12,30
434,178,-12,11,0,340,10,80,20,800,400,20,12,30
422,189,-12,11,0,340,10,80,20,800,400,20,12,30
410,200,-12,11,0,340,10,80,20,800,400,20,12,30
398,211,-12,11,0,340,10,80,20,800,400,20,12,30
386,222,-12,11,0,340,10,80,20,800,400,20,12,30
374,233,-12,11,0,340,10,80,20,800,400,20,12,30
362,244,-12,11,0,340,10,80,20,800,400,20,12,30
350,255,-12,11,0,340,10,80,20,800,400,20,12,30
338,266,-12,11,0,340,10,80,20,800,400,20,12,30
326,277,-12,11,0,340,10,80,20,800,400,20,12,30
314,288,-12,11,0,340,10,80,20,800,400,20,12,30
302,299,-12,11,0,340,10,80,20,800,400,20,12,30
290,310,-12,11,0,340,10,80,20,800,400,20,12,30
278,321,-12,11,0,340,10,80,20,800,400,20,12,30
266,332,-12,11,0,340,10,80,20,800,400,20,12,30
254,343,-12,11,0,340,10,80,20,800,400,20,12,30
242,354,-12,11,0,340,10,80,20,800,400,20,12,30
230,365,-12,11,0,340,10,80,20,800,400,20,12,30
218,354,-12,-11,0,340,10,80,20,800,400,20,12,30
206,343,-12,-11,0,340,10,80,20,800,400,20,12,30
194,332,-12,-11,0,340,10,80,20,800,400,20,12,30
182,321,-12,-11,0,340,10,80,20,800,400,20,12,30
170,310,-12,-11,0,340,10,80,20,800,400,20,12,30
158,299,-12,-11,0,340,10,80,20,800,400,20,12,30
146,288,-12,-11,0,340,10,80,20,800,400,20,12,30
134,277,-12,-11,0,340,10,80,20,800,400,20,12,30
122,266,-12,-11,0,340,10,80,20,800,400,20,12,30
110,255,-12,-11,0,340,10,80,20,800,400,20,12,30
98,244,-12,-11,0,340,10,80,20,800,400,20,12,30
86,233,-12,-11,0,340,10,80,20,800,400,20,12,30
74,222,-12,-11,0,340,10,80,20,800,400,20,12,30
62,211,-12,-11,0,340,10,80,20,800,400,20,12,30
50,200,-12,-11,0,340,10,80,20,800,400,20,12,30
38,189,-12,-11,0,340,10,80,20,800,400,20,12,30
50,178,12,-11,0,340,10,80,20,800,400,20,12,30
62,167,12,-11,0,340,10,80,20,800,400,20,12,30
74,156,12,-11,0,340,10,80,20,800,400,20,12,30
86,145,12,-11,0,340,10,80,20,800,400,20,12,30
98,134,12,-11,0,340,10,80,20,800,400,20,12,30
110,123,12,-11,0,340,10,80,20,800,400,20,12,30
122,112,12,-11,0,340,10,80,20,800,400,20,12,30
134,101,12,-11,0,340,10,80,20,800,400,20,12,30
146,90,12,-11,0,340,10,80,20,800,400,20,12,30
158,79,12,-11,0,340,10,80,20,800,400,20,12,30
170,68,12,-11,0,340,10,80,20,800,400,20,12,30
182,57,12,-11,0,340,10,80,20,800,400,20,12,30
194,46,12,-11,0,340,10,80,20,800,400,20,12,30
206,35,12,-11,0,340,10,80,20,800,400,20,12,30
218,46,12,11,0,340,10,80,20,800,400,20,12,30
230,57,12,11,0,340,10,80,20,800,400,20,12,30
242,68,12,11,0,340,10,80,20,800,400,20,12,30
254,79,12,11,0,340,10,80,20,800,400,20,12,30
266,90,12,11,0,340,10,80,20,800,400,20,12,30
278,101,12,11,0,340,10,80,20,800,400,20,12,30
290,112,12,11,0,340,10,80,20,800,400,20,12,30
302,123,12,11,0,340,10,80,20,800,400,20,12,30
314,134,12,11,0,340,10,80,20,800,400,20,12,30
326,145,12,11,0,340,10,80,20,800,400,20,12,30
338,156,12,11,0,340,10,80,20,800,400,20,12,30
350,167,12,11,0,340,10,80,20,800,400,20,12,30
362,178,12,11,0,340,10,80,20,800,400,20,12,30
374,189,12,11,0,340,10,80,20,800,400,20,12,30
386,200,12,11,0,340,10,80,20,800,400,20,12,30
398,211,12,11,0,340,10,80,20,800,400,20,12,30
410,222,12,11,0,340,10,80,20,800,400,20,12,30
422,233,12,11,0,340,10,80,20,800,400,20,12,30
434,244,12,11,0,340,10,80,20,800,400,20,12,30
446,255,12,11,0,340,10,80,20,800,400,20,12,30
458,266,12,11,0,340,10,80,20,800,400,20,12,30
470,277,12,11,0,340,10,80,20,800,400,20,12,30
482,288,12,11,0,340,10,80,20,800,400,20,12,30
494,299,12,11,0,340,10,80,20,800,400,20,12,30
506,310,12,11,0,340,10,80,20,800,400,20,12,30
518,321,12,11,0,340,10,80,20,800,400,20,12,30
530,332,12,11,0,340,10,80,20,800,400,20,12,30
542,343,12,11,0,340,10,80,20,800,400,20,12,30
554,354,12,11,0,340,10,80,20,800,400,20,12,30
566,365,12,11,0,340,10,80,20,800,400,20,12,30
578,354,12,-11,0,340,10,80,20,800,400,20,12,30
590,343,12,-11,0,340,10,80,20,800,400,20,12,30
602,332,12,-11,0,340,10,80,20,800,400,20,12,30
614,321,12,-11,0,340,10,80,20,800,400,20,12,30
626,310,12,-11,0,340,10,80,20,800,400,20,12,30
638,299,12,-11,0,340,10,80,20,800,400,20,12,30
650,288,12,-11,0,340,10,80,20,800,400,20,12,30
662,277,12,-11,0,340,10,80,20,800,400,20,12,30
674,266,12,-11,0,340,10,80,20,800,400,20,12,30
686,255,12,-11,0,340,10,80,20,800,400,20,12,30
698,244,12,-11,0,340,10,80,20,800,400,20,12,30
710,233,12,-11,0,340,10,80,20,800,400,20,12,30
722,222,12,-11,0,340,10,80,20,800,400,20,12,30
734,211,12,-11,0,340,10,80,20,800,400,20,12,30
746,200,12,-11,0,340,10,80,20,800,400,20,12,30
758,189,12,-11,0,340,10,80,20,800,400,20,12,30
770,178,12,-11,0,340,10,80,20,800,400,20,12,30
782,167,12,-11,0,340,10,80,20,800,400,20,12,30
758,198,-12,-2,0,220,10,80,20,800,400,20,12,30
746,196,-12,-2,0,240,10,80,20,800,400,20,12,30
734,194,-12,-2,0,260,10,80,20,800,400,20,12,30
722,192,-12,-2,0,280,10,80,20,800,400,20,12,30
710,190,-12,-2,0,300,10,80,20,800,400,20,12,30
698,188,-12,-2,0,320,10,80,20,800,400,20,12,30
686,186,-12,-2,0,340,10,80,20,800,400,20,12,30
674,184,-12,-2,0,340,10,80,20,800,400,20,12,30
662,182,-12,-2,0,340,10,80,20,800,400,20,12,30
650,180,-12,-2,0,340,10,80,20,800,400,20,12,30
638,178,-12,-2,0,340,10,80,20,800,400,20,12,30
626,176,-12,-2,0,340,10,80,20,800,400,20,12,30
614,174,-12,-2,0,340,10,80,20,800,400,20,12,30
602,172,-12,-2,0,340,10,80,20,800,400,20,12,30
590,170,-12,-2,0,340,10,80,20,800,400,20,12,30
578,168,-12,-2,0,340,10,80,20,800,400,20,12,30
566,166,-12,-2,0,340,10,80,20,800,400,20,12,30
554,164,-12,-2,0,340,10,80,20,800,400,20,12,30
542,162,-12,-2,0,340,10,80,20,800,400,20,12,30
530,160,-12,-2,0,340,10,80,20,800,400,20,12,30
518,158,-12,-2,0,340,10,80,20,800,400,20,12,30
506,156,-12,-2,0,340,10,80,20,800,400,20,12,30
494,154,-12,-2,0,340,10,80,20,800,400,20,12,30
482,152,-12,-2,0,340,10,80,20,800,400,20,12,30
470,150,-12,-2,0,340,10,80,20,800,400,20,12,30
458,148,-12,-2,0,340,10,80,20,800,400,20,12,30
446,146,-12,-2,0,340,10,80,20,800,400,20,12,30
434,144,-12,-2,0,340,10,80,20,800,400,20,12,30
422,142,-12,-2,0,340,10,80,20,800,400,20,12,30
410,140,-12,-2,0,340,10,80,20,800,400,20,12,30
398,138,-12,-2,0,340,10,80,20,800,400,20,12,30
386,136,-12,-2,0,340,10,80,20,800,400,20,12,30
374,134,-12,-2,0,340,10,80,20,800,400,20,12,30
362,132,-12,-2,0,340,10,80,20,800,400,20,12,30
350,130,-12,-2,0,340,10,80,20,800,400,20,12,30
338,128,-12,-2,0,340,10,80,20,800,400,20,12,30
326,126,-12,-2,0,340,10,80,20,800,400,20,12,30
314,124,-12,-2,0,340,10,80,20,800,400,20,12,30
302,122,-12,-2,0,340,10,80,20,800,400,20,12,30
290,120,-12,-2,0,340,10,80,20,800,400,20,12,30
278,118,-12,-2,0,340,10,80,20,800,400,20,12,30
266,116,-12,-2,0,340,10,80,20,800,400,20,12,30
254,114,-12,-2,0,340,10,80,20,800,400,20,12,30
242,112,-12,-2,0,340,10,80,20,800,400,20,12,30
230,110,-12,-2,0,340,10,80,20,800,400,20,12,30
218,108,-12,-2,0,340,10,80,20,800,400,20,12,30
206,106,-12,-2,0,340,10,80,20,800,400,20,12,30
194,104,-12,-2,0,340,10,80,20,800,400,20,12,30
182,102,-12,-2,0,340,10,80,20,800,400,20,12,30
170,100,-12,-2,0,340,10,80,20,800,400,20,12,30
158,98,-12,-2,0,340,10,80,20,800,400,20,12,30
146,96,-12,-2,0,340,10,80,20,800,400,20,12,30
134,94,-12,-2,0,340,10,80,20,800,400,20,12,30
122,92,-12,-2,0,340,10,80,20,800,400,20,12,30
110,90,-12,-2,0,340,10,80,20,800,400,20,12,30
98,88,-12,-2,0,340,10,80,20,800,400,20,12,30
86,86,-12,-2,0,340,10,80,20,800,400,20,12,30
74,84,-12,-2,0,340,10,80,20,800,400,20,12,30
62,82,-12,-2,0,340,10,80,20,800,400,20,12,30
50,80,-12,-2,0,340,10,80,20,800,400,20,12,30
38,78,-12,-2,0,340,10,80,20,800,400,20,12,30
50,76,12,-2,0,340,10,80,20,800,400,20,12,30
62,74,12,-2,0,340,10,80,20,800,400,20,12,30
74,72,12,-2,0,340,10,80,20,800,400,20,12,30
86,70,12,-2,0,340,10,80,20,800,400,20,12,30
98,68,12,-2,0,340,10,80,20,800,400,20,12,30
110,66,12,-2,0,340,10,80,20,800,400,20,12,30
122,64,12,-2,0,340,10,80,20,800,400,20,12,30
134,62,12,-2,0,340,10,80,20,800,400,20,12,30
146,60,12,-2,0,340,10,80,20,800,400,20,12,30
158,58,12,-2,0,340,10,80,20,800,400,20,12,30
170,56,12,-2,0,340,10,80,20,800,400,20,12,30
182,54,12,-2,0,340,10,80,20,800,400,20,12,30
194,52,12,-2,0,340,10,80,20,800,400,20,12,30
206,50,12,-2,0,340,10,80,20,800,400,20,12,30
218,48,12,-2,0,340,10,80,20,800,400,20,12,30
230,46,12,-2,0,340,10,80,20,800,400,20,12,30
242,44,12,-2,0,340,10,80,20,800,400,20,12,30
254,42,12,-2,0,340,10,80,20,800,400,20,12,30
266,40,12,-2,0,340,10,80,20,800,400,20,12,30
278,38,12,-2,0,340,10,80,20,800,400,20,12,30
290,36,12,-2,0,340,10,80,20,800,400,20,12,30
302,34,12,-2,0,340,10,80,20,800,400,20,12,30
314,32,12,-2,0,340,10,80,20,800,400,20,12,30
326,30,12,-2,0,340,10,80,20,800,400,20,12,30
338,32,12,2,0,340,10,80,20,800,400,20,12,30
350,34,12,2,0,340,10,80,20,800,400,20,12,30
362,36,12,2,0,340,10,80,20,800,400,20,12,30
374,38,12,2,0,340,10,80,20,800,400,20,12,30
386,40,12,2,0,340,10,80,20,800,400,20,12,30
398,42,12,2,0,340,10,80,20,800,400,20,12,30
410,44,12,2,0,340,10,80,20,800,400,20,12,30
422,46,12,2,0,340,10,80,20,800,400,20,12,30
434,48,12,2,0,340,10,80,20,800,400,20,12,30
446,50,12,2,0,340,10,80,20,800,400,20,12,30
458,52,12,2,0,340,10,80,20,800,400,20,12,30
470,54,12,2,0,340,10,80,20,800,400,20,12,30
482,56,12,2,0,340,10,80,20,800,400,20,12,30
494,58,12,2,0,340,10,80,20,800,400,20,12,30
506,60,12,2,0,340,10,80,20,800,400,20,12,30
518,62,12,2,0,340,10,80,20,800,400,20,12,30
530,64,12,2,0,340,10,80,20,800,400,20,12,30
542,66,12,2,0,340,10,80,20,800,400,20,12,30
554,68,12,2,0,340,10,80,20,800,400,20,12,30
566,70,12,2,0,340,10,80,20,800,400,20,12,30
578,72,12,2,0,340,10,80,20,800,400,20,12,30
590,74,12,2,0,340,10,80,20,800,400,20,12,30
602,76,12,2,0,340,10,80,20,800,400,20,12,30
614,78,12,2,0,340,10,80,20,800,400,20,12,30
626,80,12,2,0,340,10,80,20,800,400,20,12,30
638,82,12,2,0,340,10,80,20,800,400,20,12,30
650,84,12,2,0,340,10,80,20,800,400,20,12,30
662,86,12,2,0,340,10,80,20,800,400,20,12,30
674,88,12,2,0,340,10,80,20,800,400,20,12,30
686,90,12,2,0,340,10,80,20,800,400,20,12,30
698,92,12,2,0,340,10,80,20,800,400,20,12,30
710,94,12,2,0,340,10,80,20,800,400,20,12,30
722,96,12,2,0,340,10,80,20,800,400,20,12,30
734,98,12,2,0,340,10,80,20,800,400,20,12,30
746,100,12,2,0,340,10,80,20,800,400,20,12,30
758,102,12,2,0,340,10,80,20,800,400,20,12,30
770,104,12,2,0,340,10,80,20,800,400,20,12,30
782,106,12,2,0,340,10,80,20,800,400,20,12,30
758,194,-12,-6,0,220,10,80,20,800,400,20,12,30
746,188,-12,-6,0,240,10,80,20,800,400,20,12,30
734,182,-12,-6,0,260,10,80,20,800,400,20,12,30
722,176,-12,-6,0,280,10,80,20,800,400,20,12,30
710,170,-12,-6,0,300,10,80,20,800,400,20,12,30
698,164,-12,-6,0,320,10,80,20,800,400,20,12,30
686,158,-12,-6,0,340,10,80,20,800,400,20,12,30
674,152,-12,-6,0,340,10,80,20,800,400,20,12,30
662,146,-12,-6,0,340,10,80,20,800,400,20,12,30
650,140,-12,-6,0,340,10,80,20,800,400,20,12,30
638,134,-12,-6,0,340,10,80,20,800,400,20,12,30
626,128,-12,-6,0,340,10,80,20,800,400,20,12,30
614,122,-12,-6,0,340,10,80,20,800,400,20,12,30
602,116,-12,-6,0,340,10,80,20,800,400,20,12,30
590,110,-12,-6,0,340,10,80,20,800,400,20,12,30
578,104,-12,-6,0,340,10,80,20,800,400,20,12,30
566,98,-12,-6,0,340,10,80,20,800,400,20,12,30
554,92,-12,-6,0,340,10,80,20,800,400,20,12,30
542,86,-12,-6,0,340,10,80,20,800,400,20,12,30
530,80,-12,-6,0,340,10,80,20,800,400,20,12,30
518,74,-12,-6,0,340,10,80,20,800,400,20,12,30
506,68,-12,-6,0,340,10,80,20,800,400,20,12,30
494,62,-12,-6,0,340,10,80,20,800,400,20,12,30
482,56,-12,-6,0,340,10,80,20,800,400,20,12,30
470,50,-12,-6,0,340,10,80,20,800,400,20,12,30
458,44,-12,-6,0,340,10,80,20,800,400,20,12,30
446,38,-12,-6,0,340,10,80,20,800,400,20,12,30
434,32,-12,-6,0,340,10,80,20,800,400,20,12,30
422,38,-12,6,0,340,10,80,20,800,400,20,12,30
410,44,-12,6,0,340,10,80,20,800,400,20,12,30
398,50,-12,6,0,340,10,80,20,800,400,20,12,30
386,56,-12,6,0,340,10,80,20,800,400,20,12,30
374,62,-12,6,0,340,10,80,20,800,400,20,12,30
362,68,-12,6,0,340,10,80,20,800,400,20,12,30
350,74,-12,6,0,340,10,80,20,800,400,20,12,30
338,80,-12,6,0,340,10,80,20,800,400,20,12,30
326,86,-12,6,0,340,10,80,20,800,400,20,12,30
314,92,-12,6,0,340,10,80,20,800,400,20,12,30
302,98,-12,6,0,340,10,80,20,800,400,20,12,30
290,104,-12,6,0,340,10,80,20,800,400,20,12,30
278,110,-12,6,0,340,10,80,20,800,400,20,12,30
266,116,-12,6,0,340,10,80,20,800,400,20,12,30
254,122,-12,6,0,340,10,80,20,800,400,20,12,30
242,128,-12,6,0,340,10,80,20,800,400,20,12,30
230,134,-12,6,0,340,10,80,20,800,400,20,12,30
218,140,-12,6,0,340,10,80,20,800,400,20,12,30
206,146,-12,6,0,340,10,80,20,800,400,20,12,30
194,152,-12,6,0,340,10,80,20,800,400,20,12,30
182,158,-12,6,0,340,10,80,20,800,400,20,12,30
170,164,-12,6,0,340,10,80,20,800,400,20,12,30
158,170,-12,6,0,340,10,80,20,800,400,20,12,30
146,176,-12,6,0,340,10,80,20,800,400,20,12,30
134,182,-12,6,0,340,10,80,20,800,400,20,12,30
122,188,-12,6,0,340,10,80,20,800,400,20,12,30
110,194,-12,6,0,340,10,80,20,800,400,20,12,30
98,200,-12,6,0,340,10,80,20,800,400,20,12,30
86,206,-12,6,0,340,10,80,20,800,400,20,12,30
74,212,-12,6,0,340,10,80,20,800,400,20,12,30
62,218,-12,6,0,340,10,80,20,800,400,20,12,30
50,224,-12,6,0,340,10,80,20,800,400,20,12,30
38,230,-12,6,0,340,10,80,20,800,400,20,12,30
50,236,12,6,0,340,10,80,20,800,400,20,12,30
62,242,12,6,0,340,10,80,20,800,400,20,12,30
74,248,12,6,0,340,10,80,20,800,400,20,12,30
86,254,12,6,0,340,10,80,20,800,400,20,12,30
98,260,12,6,0,340,10,80,20,800,400,20,12,30
110,266,12,6,0,340,10,80,20,800,400,20,12,30
122,272,12,6,0,340,10,80,20,800,400,20,12,30
134,278,12,6,0,340,10,80,20,800,400,20,12,30
146,284,12,6,0,340,10,80,20,800,400,20,12,30
158,290,12,6,0,340,10,80,20,800,400,20,12,30
170,296,12,6,0,340,10,80,20,800,400,20,12,30
182,302,12,6,0,340,10,80,20,800,400,20,12,30
194,308,12,6,0,340,10,80,20,800,400,20,12,30
206,314,12,6,0,340,10,80,20,800,400,20,12,30
218,320,12,6,0,340,10,80,20,800,400,20,12,30
230,326,12,6,0,340,10,80,20,800,400,20,12,30
242,332,12,6,0,340,10,80,20,800,400,20,12,30
254,338,12,6,0,340,10,80,20,800,400,20,12,30
266,344,12,6,0,340,10,80,20,800,400,20,12,30
278,350,12,6,0,340,10,80,20,800,400,20,12,30
290,356,12,6,0,340,10,80,20,800,400,20,12,30
302,362,12,6,0,340,10,80,20,800,400,20,12,30
314,368,12,6,0,340,10,80,20,800,400,20,12,30
326,362,12,-6,0,340,10,80,20,800,400,20,12,30
338,356,12,-6,0,340,10,80,20,800,400,20,12,30
350,350,12,-6,0,340,10,80,20,800,400,20,12,30
362,344,12,-6,0,340,10,80,20,800,400,20,12,30
374,338,12,-6,0,340,10,80,20,800,400,20,12,30
386,332,12,-6,0,340,10,80,20,800,400,20,12,30
398,326,12,-6,0,340,10,80,20,800,400,20,12,30
410,320,12,-6,0,340,10,80,20,800,400,20,12,30
422,314,12,-6,0,340,10,80,20,800,400,20,12,30
434,308,12,-6,0,340,10,80,20,800,400,20,12,30
446,302,12,-6,0,340,10,80,20,800,400,20,12,30
458,296,12,-6,0,340,10,80,20,800,400,20,12,30
470,290,12,-6,0,340,10,80,20,800,400,20,12,30
482,284,12,-6,0,340,10,80,20,800,400,20,12,30
494,278,12,-6,0,340,10,80,20,800,400,20,12,30
506,272,12,-6,0,340,10,80,20,800,400,20,12,30
518,266,12,-6,0,340,10,80,20,800,400,20,12,30
530,260,12,-6,0,340,10,80,20,800,400,20,12,30
542,254,12,-6,0,340,10,80,20,800,400,20,12,30
554,248,12,-6,0,340,10,80,20,800,400,20,12,30
566,242,12,-6,0,340,10,80,20,800,400,20,12,30
578,236,12,-6,0,340,10,80,20,800,400,20,12,30
590,230,12,-6,0,340,10,80,20,800,400,20,12,30
602,224,12,-6,0,340,10,80,20,800,400,20,12,30
614,218,12,-6,0,340,10,80,20,800,400,20,12,30
626,212,12,-6,0,340,10,80,20,800,400,20,12,30
638,206,12,-6,0,340,10,80,20,800,400,20,12,30
650,200,12,-6,0,340,10,80,20,800,400,20,12,30
662,194,12,-6,0,340,10,80,20,800,400,20,12,30
674,188,12,-6,0,340,10,80,20,800,400,20,12,30
686,182,12,-6,0,340,10,80,20,800,400,20,12,30
698,176,12,-6,0,340,10,80,20,800,400,20,12,30
710,170,12,-6,0,340,10,80,20,800,400,20,12,30
722,164,12,-6,0,340,10,80,20,800,400,20,12,30
734,158,12,-6,0,340,10,80,20,800,400,20,12,30
746,152,12,-6,0,340,10,80,20,800,400,20,12,30
758,146,12,-6,0,340,10,80,20,800,400,20,12,30
770,140,12,-6,0,340,10,80,20,800,400,20,12,30
782,134,12,-6,0,340,10,80,20,800,400,20,12,30
758,209,-12,9,0,220,10,80,20,800,400,20,12,30
746,218,-12,9,0,240,10,80,20,800,400,20,12,30
734,227,-12,9,0,260,10,80,20,800,400,20,12,30
722,236,-12,9,0,280,10,80,20,800,400,20,12,30
710,245,-12,9,0,300,10,80,20,800,400,20,12,30
698,254,-12,9,0,320,10,80,20,800,400,20,12,30
686,263,-12,9,0,340,10,80,20,800,400,20,12,30
674,272,-12,9,0,340,10,80,20,800,400,20,12,30
662,281,-12,9,0,340,10,80,20,800,400,20,12,30
650,290,-12,9,0,340,10,80,20,800,400,20,12,30
638,299,-12,9,0,340,10,80,20,800,400,20,12,30
626,308,-12,9,0,340,10,80,20,800,400,20,12,30
614,317,-12,9,0,340,10,80,20,800,400,20,12,30
602,326,-12,9,0,340,10,80,20,800,400,20,12,30
590,335,-12,9,0,340,10,80,20,800,400,20,12,30
578,344,-12,9,0,340,10,80,20,800,400,20,12,30
566,353,-12,9,0,340,10,80,20,800,400,20,12,30
554,362,-12,9,0,340,10,80,20,800,400,20,12,30
542,353,-12,-9,0,340,10,80,20,800,400,20,12,30
530,344,-12,-9,0,340,10,80,20,800,400,20,12,30
518,335,-12,-9,0,340,10,80,20,800,400,20,12,30
506,326,-12,-9,0,340,10,80,20,800,400,20,12,30
494,317,-12,-9,0,340,10,80,20,800,400,20,12,30
482,308,-12,-9,0,340,10,80,20,800,400,20,12,30
470,299,-12,-9,0,340,10,80,20,800,400,20,12,30
458,290,-12,-9,0,340,10,80,20,800,400,20,12,30
446,281,-12,-9,0,340,10,80,20,800,400,20,12,30
434,272,-12,-9,0,340,10,80,20,800,400,20,12,30
422,263,-12,-9,0,340,10,80,20,800,400,20,12,30
410,254,-12,-9,0,340,10,80,20,800,400,20,12,30
398,245,-12,-9,0,340,10,80,20,800,400,20,12,30
386,236,-12,-9,0,340,10,80,20,800,400,20,12,30
374,227,-12,-9,0,340,10,80,20,800,400,20,12,30
362,218,-12,-9,0,340,10,80,20,800,400,20,12,30
350,209,-12,-9,0,340,10,80,20,800,400,20,12,30
338,200,-12,-9,0,340,10,80,20,800,400,20,12,30
326,191,-12,-9,0,340,10,80,20,800,400,20,12,30
314,182,-12,-9,0,340,10,80,20,800,400,20,12,30
302,173,-12,-9,0,340,10,80,20,800,400,20,12,30
290,164,-12,-9,0,340,10,80,20,800,400,20,12,30
278,155,-12,-9,0,340,10,80,20,800,400,20,12,30
266,146,-12,-9,0,340,10,80,20,800,400,20,12,30
254,137,-12,-9,0,340,10,80,20,800,400,20,12,30
242,128,-12,-9,0,340,10,80,20,800,400,20,12,30
230,119,-12,-9,0,340,10,80,20,800,400,20,12,30
218,110,-12,-9,0,340,10,80,20,800,400,20,12,30
206,101,-12,-9,0,340,10,80,20,800,400,20,12,30
194,92,-12,-9,0,340,10,80,20,800,400,20,12,30
182,83,-12,-9,0,340,10,80,20,800,400,20,12,30
170,74,-12,-9,0,340,10,80,20,800,400,20,12,30
158,65,-12,-9,0,340,10,80,20,800,400,20,12,30
146,56,-12,-9,0,340,10,80,20,800,400,20,12,30
134,47,-12,-9,0,340,10,80,20,800,400,20,12,30
122,38,-12,-9,0,340,10,80,20,800,400,20,12,30
110,47,-12,9,0,340,10,80,20,800,400,20,12,30
98,56,-12,9,0,340,10,80,20,800,400,20,12,30
86,65,-12,9,0,340,10,80,20,800,400,20,12,30
74,74,-12,9,0,340,10,80,20,800,400,20,12,30
62,83,-12,9,0,340,10,80,20,800,400,20,12,30
50,92,-12,9,0,340,10,80,20,800,400,20,12,30
38,101,-12,9,0,340,10,80,20,800,400,20,12,30
50,110,12,9,0,340,10,80,20,800,400,20,12,30
62,119,12,9,0,340,10,80,20,800,400,20,12,30
74,128,12,9,0,340,10,80,20,800,400,20,12,30
86,137,12,9,0,340,10,80,20,800,400,20,12,30
98,146,12,9,0,340,10,80,20,800,400,20,12,30
110,155,12,9,0,340,10,80,20,800,400,20,12,30
122,164,12,9,0,340,10,80,20,800,400,20,12,30
134,173,12,9,0,340,10,80,20,800,400,20,12,30
146,182,12,9,0,340,10,80,20,800,400,20,12,30
158,191,12,9,0,340,10,80,20,800,400,20,12,30
170,200,12,9,0,340,10,80,20,800,400,20,12,30
182,209,12,9,0,340,10,80,20,800,400,20,12,30
194,218,12,9,0,340,10,80,20,800,400,20,12,30
206,227,12,9,0,340,10,80,20,800,400,20,12,30
218,236,12,9,0,340,10,80,20,800,400,20,12,30
230,245,12,9,0,340,10,80,20,800,400,20,12,30
242,254,12,9,0,340,10,80,20,800,400,20,12,30
254,263,12,9,0,340,10,80,20,800,400,20,12,30
266,272,12,9,0,340,10,80,20,800,400,20,12,30
278,281,12,9,0,340,10,80,20,800,400,20,12,30
290,290,12,9,0,340,10,80,20,800,400,20,12,30
302,299,12,9,0,340,10,80,20,800,400,20,12,30
314,308,12,9,0,340,10,80,20,800,400,20,12,30
326,317,12,9,0,340,10,80,20,800,400,20,12,30
338,326,12,9,0,340,10,80,20,800,400,20,12,30
350,335,12,9,0,340,10,80,20,800,400,20,12,30
362,344,12,9,0,340,10,80,20,800,400,20,12,30
374,353,12,9,0,340,10,80,20,800,400,20,12,30
386,362,12,9,0,340,10,80,20,800,400,20,12,30
398,353,12,-9,0,340,10,80,20,800,400,20,12,30
410,344,12,-9,0,340,10,80,20,800,400,20,12,30
422,335,12,-9,0,340,10,80,20,800,400,20,12,30
434,326,12,-9,0,340,10,80,20,800,400,20,12,30
446,317,12,-9,0,340,10,80,20,800,400,20,12,30
458,308,12,-9,0,340,10,80,20,800,400,20,12,30
470,299,12,-9,0,340,10,80,20,800,400,20,12,30
482,290,12,-9,0,340,10,80,20,800,400,20,12,30
494,281,12,-9,0,340,10,80,20,800,400,20,12,30
506,272,12,-9,0,340,10,80,20,800,400,20,12,30
518,263,12,-9,0,340,10,80,20,800,400,20,12,30
530,254,12,-9,0,340,10,80,20,800,400,20,12,30
542,245,12,-9,0,340,10,80,20,800,400,20,12,30
554,236,12,-9,0,340,10,80,20,800,400,20,12,30
566,227,12,-9,0,340,10,80,20,800,400,20,12,30
578,218,12,-9,0,340,10,80,20,800,400,20,12,30
590,209,12,-9,0,340,10,80,20,800,400,20,12,30
602,200,12,-9,0,340,10,80,20,800,400,20,12,30
614,191,12,-9,0,340,10,80,20,800,400,20,12,30
626,182,12,-9,0,340,10,80,20,800,400,20,12,30
638,173,12,-9,0,340,10,80,20,800,400,20,12,30
650,164,12,-9,0,340,10,80,20,800,400,20,12,30
662,155,12,-9,0,340,10,80,20,800,400,20,12,30
674,146,12,-9,0,340,10,80,20,800,400,20,12,30
686,137,12,-9,0,340,10,80,20,800,400,20,12,30
698,128,12,-9,0,340,10,80,20,800,400,20,12,30
710,119,12,-9,0,340,10,80,20,800,400,20,12,30
722,110,12,-9,0,340,10,80,20,800,400,20,12,30
734,101,12,-9,0,340,10,80,20,800,400,20,12,30
746,92,12,-9,0,340,10,80,20,800,400,20,12,30
758,83,12,-9,0,340,10,80,20,800,400,20,12,30
770,74,12,-9,0,340,10,80,20,800,400,20,12,30
782,65,12,-9,0,340,10,80,20,800,400,20,12,30
758,202,-12,2,0,220,10,80,20,800,400,20,12,30
746,204,-12,2,0,240,10,80,20,800,400,20,12,30
734,206,-12,2,0,260,10,80,20,800,400,20,12,30
722,208,-12,2,0,280,10,80,20,800,400,20,12,30
710,210,-12,2,0,300,10,80,20,800,400,20,12,30
698,212,-12,2,0,320,10,80,20,800,400,20,12,30
686,214,-12,2,0,340,10,80,20,800,400,20,12,30
674,216,-12,2,0,340,10,80,20,800,400,20,12,30
662,218,-12,2,0,340,10,80,20,800,400,20,12,30
650,220,-12,2,0,340,10,80,20,800,400,20,12,30
638,222,-12,2,0,340,10,80,20,800,400,20,12,30
626,224,-12,2,0,340,10,80,20,800,400,20,12,30
614,226,-12,2,0,340,10,80,20,800,400,20,12,30
602,228,-12,2,0,340,10,80,20,800,400,20,12,30
590,230,-12,2,0,340,10,80,20,800,400,20,12,30
578,232,-12,2,0,340,10,80,20,800,400,20,12,30
566,234,-12,2,0,340,10,80,20,800,400,20,12,30
554,236,-12,2,0,340,10,80,20,800,400,20,12,30
542,238,-12,2,0,340,10,80,20,800,400,20,12,30
530,240,-12,2,0,340,10,80,20,800,400,20,12,30
518,242,-12,2,0,340,10,80,20,800,400,20,12,30
506,244,-12,2,0,340,10,80,20,800,400,20,12,30
494,246,-12,2,0,340,10,80,20,800,400,20,12,30
482,248,-12,2,0,340,10,80,20,800,400,20,12,30
470,250,-12,2,0,340,10,80,20,800,400,20,12,30
458,252,-12,2,0,340,10,80,20,800,400,20,12,30
446,254,-12,2,0,340,10,80,20,800,400,20,12,30
434,256,-12,2,0,340,10,80,20,800,400,20,12,30
422,258,-12,2,0,340,10,80,20,800,400,20,12,30
410,260,-12,2,0,340,10,80,20,800,400,20,12,30
398,262,-12,2,0,340,10,80,20,800,400,20,12,30
386,264,-12,2,0,340,10,80,20,800,400,20,12,30
374,266,-12,2,0,340,10,80,20,800,400,20,12,30
362,268,-12,2,0,340,10,80,20,800,400,20,12,30
350,270,-12,2,0,340,10,80,20,800,400,20,12,30
338,272,-12,2,0,340,10,80,20,800,400,20,12,30
326,274,-12,2,0,340,10,80,20,800,400,20,12,30
314,276,-12,2,0,340,10,80,20,800,400,20,12,30
302,278,-12,2,0,340,10,80,20,800,400,20,12,30
290,280,-12,2,0,340,10,80,20,800,400,20,12,30
278,282,-12,2,0,340,10,80,20,800,400,20,12,30
266,284,-12,2,0,340,10,80,20,800,400,20,12,30
254,286,-12,2,0,340,10,80,20,800,400,20,12,30
242,288,-12,2,0,340,10,80,20,800,400,20,12,30
230,290,-12,2,0,340,10,80,20,800,400,20,12,30
218,292,-12,2,0,340,10,80,20,800,400,20,12,30
206,294,-12,2,0,340,10,80,20,800,400,20,12,30
194,296,-12,2,0,340,10,80,20,800,400,20,12,30
182,298,-12,2,0,340,10,80,20,800,400,20,12,30
170,300,-12,2,0,340,10,80,20,800,400,20,12,30
158,302,-12,2,0,340,10,80,20,800,400,20,12,30
146,304,-12,2,0,340,10,80,20,800,400,20,12,30
134,306,-12,2,0,340,10,80,20,800,400,20,12,30
122,308,-12,2,0,340,10,80,20,800,400,20,12,30
110,310,-12,2,0,340,10,80,20,800,400,20,12,30
98,312,-12,2,0,340,10,80,20,800,400,20,12,30
86,314,-12,2,0,340,10,80,20,800,400,20,12,30
74,316,-12,2,0,340,10,80,20,800,400,20,12,30
62,318,-12,2,0,340,10,80,20,800,400,20,12,30
50,320,-12,2,0,340,10,80,20,800,400,20,12,30
38,322,-12,2,0,340,10,80,20,800,400,20,12,30
50,324,12,2,0,340,10,80,20,800,400,20,12,30
62,326,12,2,0,340,10,80,20,800,400,20,12,30
74,328,12,2,0,340,10,80,20,800,400,20,12,30
86,330,12,2,0,340,10,80,20,800,400,20,12,30
98,332,12,2,0,340,10,80,20,800,400,20,12,30
110,334,12,2,0,340,10,80,20,800,400,20,12,30
122,336,12,2,0,340,10,80,20,800,400,20,12,30
134,338,12,2,0,340,10,80,20,800,400,20,12,30
146,340,12,2,0,340,10,80,20,800,400,20,12,30
158,342,12,2,0,340,10,80,20,800,400,20,12,30
170,344,12,2,0,340,10,80,20,800,400,20,12,30
182,346,12,2,0,340,10,80,20,800,400,20,12,30
194,348,12,2,0,340,10,80,20,800,400,20,12,30
206,350,12,2,0,340,10,80,20,800,400,20,12,30
218,352,12,2,0,340,10,80,20,800,400,20,12,30
230,354,12,2,0,340,10,80,20,800,400,20,12,30
242,356,12,2,0,340,10,80,20,800,400,20,12,30
254,358,12,2,0,340,10,80,20,800,400,20,12,30
266,360,12,2,0,340,10,80,20,800,400,20,12,30
278,362,12,2,0,340,10,80,20,800,400,20,12,30
290,364,12,2,0,340,10,80,20,800,400,20,12,30
302,366,12,2,0,340,10,80,20,800,400,20,12,30
314,368,12,2,0,340,10,80,20,800,400,20,12,30
326,370,12,2,0,340,10,80,20,800,400,20,12,30
338,368,12,-2,0,340,10,80,20,800,400,20,12,30
350,366,12,-2,0,340,10,80,20,800,400,20,12,30
362,364,12,-2,0,340,10,80,20,800,400,20,12,30
374,362,12,-2,0,340,10,80,20,800,400,20,12,30
386,360,12,-2,0,340,10,80,20,800,400,20,12,30
398,358,12,-2,0,340,10,80,20,800,400,20,12,30
410,356,12,-2,0,340,10,80,20,800,400,20,12,30
422,354,12,-2,0,340,10,80,20,800,400,20,12,30
434,352,12,-2,0,340,10,80,20,800,400,20,12,30
446,350,12,-2,0,340,10,80,20,800,400,20,12,30
458,348,12,-2,0,340,10,80,20,800,400,20,12,30
470,346,12,-2,0,340,10,80,20,800,400,20,12,30
482,344,12,-2,0,340,10,80,20,800,400,20,12,30
494,342,12,-2,0,340,10,80,20,800,400,20,12,30
506,340,12,-2,0,340,10,80,20,800,400,20,12,30
518,338,12,-2,0,340,10,80,20,800,400,20,12,30
530,336,12,-2,0,340,10,80,20,800,400,20,12,30
542,334,12,-2,0,340,10,80,20,800,400,20,12,30
554,332,12,-2,0,340,10,80,20,800,400,20,12,30
566,330,12,-2,0,340,10,80,20,800,400,20,12,30
578,328,12,-2,0,340,10,80,20,800,400,20,12,30
590,326,12,-2,0,340,10,80,20,800,400,20,12,30
602,324,12,-2,0,340,10,80,20,800,400,20,12,30
614,322,12,-2,0,340,10,80,20,800,400,20,12,30
626,320,12,-2,0,340,10,80,20,800,400,20,12,30
638,318,12,-2,0,340,10,80,20,800,400,20,12,30
650,316,12,-2,0,340,10,80,20,800,400,20,12,30
662,314,12,-2,0,340,10,80,20,800,400,20,12,30
674,312,12,-2,0,340,10,80,20,800,400,20,12,30
686,310,12,-2,0,340,10,80,20,800,400,20,12,30
698,308,12,-2,0,340,10,80,20,800,400,20,12,30
710,306,12,-2,0,340,10,80,20,800,400,20,12,30
722,304,12,-2,0,340,10,80,20,800,400,20,12,30
734,302,12,-2,0,340,10,80,20,800,400,20,12,30
746,300,12,-2,0,340,10,80,20,800,400,20,12,30
758,298,12,-2,0,340,10,80,20,800,400,20,12,30
770,296,12,-2,0,340,10,80,20,800,400,20,12,30
782,294,12,-2,0,340,10,80,20,800,400,20,12,30
758,192,-12,-8,0,220,10,80,20,800,400,20,12,30
746,184,-12,-8,0,240,10,80,20,800,400,20,12,30
734,176,-12,-8,0,260,10,80,20,800,400,20,12,30
722,168,-12,-8,0,280,10,80,20,800,400,20,12,30
710,160,-12,-8,0,300,10,80,20,800,400,20,12,30
698,152,-12,-8,0,320,10,80,20,800,400,20,12,30
686,144,-12,-8,0,340,10,80,20,800,400,20,12,30
674,136,-12,-8,0,340,10,80,20,800,400,20,12,30
662,128,-12,-8,0,340,10,80,20,800,400,20,12,30
650,120,-12,-8,0,340,10,80,20,800,400,20,12,30
638,112,-12,-8,0,340,10,80,20,800,400,20,12,30
626,104,-12,-8,0,340,10,80,20,800,400,20,12,30
614,96,-12,-8,0,340,10,80,20,800,400,20,12,30
602,88,-12,-8,0,340,10,80,20,800,400,20,12,30
590,80,-12,-8,0,340,10,80,20,800,400,20,12,30
578,72,-12,-8,0,340,10,80,20,800,400,20,12,30
566,64,-12,-8,0,340,10,80,20,800,400,20,12,30
554,56,-12,-8,0,340,10,80,20,800,400,20,12,30
542,48,-12,-8,0,340,10,80,20,800,400,20,12,30
530,40,-12,-8,0,340,10,80,20,800,400,20,12,30
518,32,-12,-8,0,340,10,80,20,800,400,20,12,30
506,40,-12,8,0,340,10,80,20,800,400,20,12,30
494,48,-12,8,0,340,10,80,20,800,400,20,12,30
482,56,-12,8,0,340,10,80,20,800,400,20,12,30
470,64,-12,8,0,340,10,80,20,800,400,20,12,30
458,72,-12,8,0,340,10,80,20,800,400,20,12,30
446,80,-12,8,0,340,10,80,20,800,400,20,12,30
434,88,-12,8,0,340,10,80,20,800,400,20,12,30
422,96,-12,8,0,340,10,80,20,800,400,20,12,30
410,104,-12,8,0,340,10,80,20,800,400,20,12,30
398,112,-12,8,0,340,10,80,20,800,400,20,12,30
386,120,-12,8,0,340,10,80,20,800,400,20,12,30
374,128,-12,8,0,340,10,80,20,800,400,20,12,30
362,136,-12,8,0,340,10,80,20,800,400,20,12,30
350,144,-12,8,0,340,10,80,20,800,400,20,12,30
338,152,-12,8,0,340,10,80,20,800,400,20,12,30
326,160,-12,8,0,340,10,80,20,800,400,20,12,30
314,168,-12,8,0,340,10,80,20,800,400,20,12,30
302,176,-12,8,0,340,10,80,20,800,400,20,12,30
290,184,-12,8,0,340,10,80,20,800,400,20,12,30
278,192,-12,8,0,340,10,80,20,800,400,20,12,30
266,200,-12,8,0,340,10,80,20,800,400,20,12,30
254,208,-12,8,0,340,10,80,20,800,400,20,12,30
242,216,-12,8,0,340,10,80,20,800,400,20,12,30
230,224,-12,8,0,340,10,80,20,800,400,20,12,30
218,232,-12,8,0,340,10,80,20,800,400,20,12,30
206,240,-12,8,0,340,10,80,20,800,400,20,12,30
194,248,-12,8,0,340,10,80,20,800,400,20,12,30
182,256,-12,8,0,340,10,80,20,800,400,20,12,30
170,264,-12,8,0,340,10,80,20,800,400,20,12,30
158,272,-12,8,0,340,10,80,20,800,400,20,12,30
146,280,-12,8,0,340,10,80,20,800,400,20,12,30
134,288,-12,8,0,340,10,80,20,800,400,20,12,30
122,296,-12,8,0,340,10,80,20,800,400,20,12,30
110,304,-12,8,0,340,10,80,20,800,400,20,12,30
98,312,-12,8,0,340,10,80,20,800,400,20,12,30
86,320,-12,8,0,340,10,80,20,800,400,20,12,30
74,328,-12,8,0,340,10,80,20,800,400,20,12,30
62,336,-12,8,0,340,10,80,20,800,400,20,12,30
50,344,-12,8,0,340,10,80,20,800,400,20,12,30
38,352,-12,8,0,340,10,80,20,800,400,20,12,30
50,360,12,8,0,340,10,80,20,800,400,20,12,30
62,368,12,8,0,340,10,80,20,800,400,20,12,30
74,360,12,-8,0,340,10,80,20,800,400,20,12,30
86,352,12,-8,0,340,10,80,20,800,400,20,12,30
98,344,12,-8,0,340,10,80,20,800,400,20,12,30
110,336,12,-8,0,340,10,80,20,800,400,20,12,30
122,328,12,-8,0,340,10,80,20,800,400,20,12,30
134,320,12,-8,0,340,10,80,20,800,400,20,12,30
146,312,12,-8,0,340,10,80,20,800,400,20,12,30
158,304,12,-8,0,340,10,80,20,800,400,20,12,30
170,296,12,-8,0,340,10,80,20,800,400,20,12,30
182,288,12,-8,0,340,10,80,20,800,400,20,12,30
194,280,12,-8,0,340,10,80,20,800,400,20,12,30
206,272,12,-8,0,340,10,80,20,800,400,20,12,30
218,264,12,-8,0,340,10,80,20,800,400,20,12,30
230,256,12,-8,0,340,10,80,20,800,400,20,12,30
242,248,12,-8,0,340,10,80,20,800,400,20,12,30
254,240,12,-8,0,340,10,80,20,800,400,20,12,30
266,232,12,-8,0,340,10,80,20,800,400,20,12,30
278,224,12,-8,0,340,10,80,20,800,400,20,12,30
290,216,12,-8,0,340,10,80,20,800,400,20,12,30
302,208,12,-8,0,340,10,80,20,800,400,20,12,30
314,200,12,-8,0,340,10,80,20,800,400,20,12,30
326,192,12,-8,0,340,10,80,20,800,400,20,12,30
338,184,12,-8,0,340,10,80,20,800,400,20,12,30
350,176,12,-8,0,340,10,80,20,800,400,20,12,30
362,168,12,-8,0,340,10,80,20,800,400,20,12,30
374,160,12,-8,0,340,10,80,20,800,400,20,12,30
386,152,12,-8,0,340,10,80,20,800,400,20,12,30
398,144,12,-8,0,340,10,80,20,800,400,20,12,30
410,136,12,-8,0,340,10,80,20,800,400,20,12,30
422,128,12,-8,0,340,10,80,20,800,400,20,12,30
434,120,12,-8,0,340,10,80,20,800,400,20,12,30
446,112,12,-8,0,340,10,80,20,800,400,20,12,30
458,104,12,-8,0,340,10,80,20,800,400,20,12,30
470,96,12,-8,0,340,10,80,20,800,400,20,12,30
482,88,12,-8,0,340,10,80,20,800,400,20,12,30
494,80,12,-8,0,340,10,80,20,800,400,20,12,30
506,72,12,-8,0,340,10,80,20,800,400,20,12,30
518,64,12,-8,0,340,10,80,20,800,400,20,12,30
530,56,12,-8,0,340,10,80,20,800,400,20,12,30
542,48,12,-8,0,340,10,80,20,800,400,20,12,30
554,40,12,-8,0,340,10,80,20,800,400,20,12,30
566,32,12,-8,0,340,10,80,20,800,400,20,12,30
578,40,12,8,0,340,10,80,20,800,400,20,12,30
590,48,12,8,0,340,10,80,20,800,400,20,12,30
602,56,12,8,0,340,10,80,20,800,400,20,12,30
614,64,12,8,0,340,10,80,20,800,400,20,12,30
626,72,12,8,0,340,10,80,20,800,400,20,12,30
638,80,12,8,0,340,10,80,20,800,400,20,12,30
650,88,12,8,0,340,10,80,20,800,400,20,12,30
662,96,12,8,0,340,10,80,20,800,400,20,12,30
674,104,12,8,0,340,10,80,20,800,400,20,12,30
686,112,12,8,0,340,10,80,20,800,400,20,12,30
698,120,12,8,0,340,10,80,20,800,400,20,12,30
